<?xml version="1.0" encoding="UTF-8"?>
<beans xmlns="http://www.springframework.org/schema/beans"
       xmlns:xsi="http://www.w3.org/2001/XMLSchema-instance"
       xmlns:context="http://www.springframework.org/schema/context"
       xmlns:mybatis-spring="http://mybatis.org/schema/mybatis-spring"
       xmlns:aop="http://www.springframework.org/schema/aop"
       xmlns:tx="http://www.springframework.org/schema/tx"
       xsi:schemaLocation="http://www.springframework.org/schema/beans http://www.springframework.org/schema/beans/spring-beans.xsd http://www.springframework.org/schema/context https://www.springframework.org/schema/context/spring-context.xsd http://mybatis.org/schema/mybatis-spring http://mybatis.org/schema/mybatis-spring.xsd
       http://www.springframework.org/schema/aop https://www.springframework.org/schema/aop/spring-aop.xsd
       http://www.springframework.org/schema/tx http://www.springframework.org/schema/tx/spring-tx.xsd">

       <context:component-scan base-package="com.osca.service"/>
    <context:component-scan base-package="com.osca.config"/>

    <context:component-scan base-package="com.osca.aop"/>

    <aop:aspectj-autoproxy></aop:aspectj-autoproxy>

    <bean id="hikariConfig" class="com.zaxxer.hikari.HikariConfig">
        <property name="driverClassName"
                  value="org.mariadb.jdbc.Driver"></property>
        <property name="jdbcUrl"
                  value="jdbc:mariadb://localhost:3306/osca"></property>
        <property name="username" value="oscauser"></property>
        <property name="password" value="oscauser"></property>
    </bean>
    <!-- HikariCP configuration -->
    <bean id="dataSource" class="com.zaxxer.hikari.HikariDataSource"
          destroy-method="close">
        <constructor-arg ref="hikariConfig" />
    </bean>

    <!--    sql 영역 빈 설정-->
    <bean id="sqlSessionFactory" class="org.mybatis.spring.SqlSessionFactoryBean">
        <property name="dataSource" ref="dataSource"></property>
        <property name="mapperLocations" value="classpath:/mapper/**/*.xml"></property>
<!--        <property name="configLocation" value="classpath:mybatisalias/mybatisalias.xml"></property>-->
    </bean>

<!--    트랜잭션 처리 위한 빈 설정-->
    <bean id="transactionManager"
          class="org.springframework.jdbc.datasource.DataSourceTransactionManager">
        <property name="dataSource" ref="dataSource"></property>
    </bean>


    <bean id="passwordEncoder" class="org.springframework.security.crypto.bcrypt.BCryptPasswordEncoder">

    </bean>

    <tx:annotation-driven></tx:annotation-driven>


    <!-- gmail설정 -->
    <bean id="mailSender2" class="org.springframework.mail.javamail.JavaMailSenderImpl">
        <property name="host" value="smtp.gmail.com" />
        <property name="port" value="587" />
        <property name="username" value="ehdwnswjsdyd@gmail.com"/> <!-- 자신의 이메일 아이디 -->
        <property name="password" value="apdlfxptmxm2022!"/> <!-- 자신의 비밀번호 -->
        <!-- 보안연결 TLS과 관련된 설정 -->
        <property name="javaMailProperties">
            <props>
                <prop key="mail.smtp.auth">true</prop>
                <prop key="mail.smtp.starttls.enable">true</prop>
            </props>
        </property>
    </bean>







    <mybatis-spring:scan base-package="com.osca.mapper"></mybatis-spring:scan>

</beans>